<?xml version="1.0" encoding="UTF-8" ?>
<!DOCTYPE mapper
  PUBLIC "-//mybatis.org//DTD Mapper 3.0//EN"
  "https://mybatis.org/dtd/mybatis-3-mapper.dtd">
<mapper namespace="org.medipaw.mapper.ReservMapper">
<!-- 쿼리 보관 -->
<sql id="criteria">
	<!-- 제일 앞에 ( 붙이고 -->
	<trim prefix="(" suffix=") AND " prefixOverrides="OR">
	    <foreach item="type" collection="typeArr">
	    	<trim prefix="OR">	<!-- 타입이 여러개인 경우 or가 처음 제외하고 중간에 들어가야하기 때문에 trim 사용 -->
		    	<choose>
		    		<when test="type == 'T'.toString()">
		    			title LIKE '%'||#{keyword}||'%'
		    		</when>
		    		<when test="type == 'C'.toString()">
		    			content LIKE '%'||#{keyword}||'%'
		    		</when>
		    		<when test="type == 'W'.toString()">
		    			writer LIKE '%'||#{keyword}||'%'
		    		</when>
		    	</choose>
	    	</trim>
	    </foreach>
    </trim>
    <!-- 마지막에 ) 붙인 후 -->
</sql>

  <select id="selectAll" resultType="org.medipaw.domain.ReservVO">	
  <!-- resultType 저렇게 놓으면 알아서 리스트나 vo를 갖고옴 -->
  <![CDATA[
    SELECT * FROM tbl_board WHERE bno > 0 ORDER BY bno DESC
    
  ]]>
  </select>
  <select id="select" resultType="org.medipaw.domain.ReservVO">
    SELECT * FROM tbl_board WHERE bno = #{bno}
  </select>
  <insert id="insert">	<!-- #{}안에 들어가는 애들은 VO랑 이름이 꼭 맞아야됨 -->
    INSERT INTO tbl_board(bno, title, content, writer) VALUES(seq_board.NEXTVAL, #{title}, #{content}, #{writer})
  </insert>
  
  <insert id="insertSelectKey">	<!-- insert를 하기 전에 시퀀스 번호를 알아야 할 경우 -->
    
    <selectKey keyProperty="bno" order="BEFORE" resultType="int">
    SELECT seq_board.NEXTVAL FROM dual
  	</selectKey>
  	
  	<!-- 시퀀스 대신 위에서 셀렉트해 저장해 둔 bno를 사용 -->
    INSERT INTO tbl_board(bno, title, content, writer) VALUES(#{bno}, #{title}, #{content}, #{writer})
  </insert>
  
  <delete id="delete">
  	DELETE FROM tbl_board WHERE bno = #{bno}
  </delete>
  
  <update id="update">
  	UPDATE tbl_board SET title = #{title}, content = #{content}, writer = #{writer}, updateDate = SYSDATE WHERE bno = #{bno}
  </update>
  
  <select id="selectAllPaging" resultType="org.medipaw.domain.ReservVO">	
  <!-- resultType 저렇게 놓으면 알아서 리스트나 vo를 갖고옴 -->
  <![CDATA[
    SELECT bno, title, content, writer, regDate, updateDate, replyCnt 
    FROM (SELECT /*+INDEX_DESC(tbl_board pk_board) */
    rownum rn, bno, title, content, writer, regDate, updateDate, replyCnt FROM tbl_board 
    WHERE ]]>
    <!-- 보관해 둔 쿼리 사용 -->
    <include refid="criteria"></include>
    
    <![CDATA[
    rownum <= #{amount} * #{pageNum} )
    WHERE rn > #{amount} * ( #{pageNum} - 1 )
  	]]>
  </select>
  
  <select id="totalCount" resultType="int">
  SELECT COUNT(*) FROM tbl_board WHERE
	<!-- 보관해 둔 쿼리 사용 -->
    <include refid="criteria"></include>	
    <![CDATA[ bno > 0 ]]>
  </select>
  
  <!-- 댓글 수 업데이트 -->
  <update id="updateReplyCnt">
  <![CDATA[
  	UPDATE tbl_board SET replycnt = replyCnt + #{incdec}
	WHERE bno=#{bno}
	]]>
  </update>
  
</mapper>

